"","transactionId","fromAccountNo","amount","status"
"1",6193069,22318,26595,"OPEN"
"2",1465076,22318,42418,"OPEN"
"3",5568523,22318,41638,"OPEN"
"4",8378515,22318,32195,"OPEN"
"5",1798200,22318,30044,"OPEN"
"6",1270652,22318,34861,"OPEN"
"7",6528803,22318,32983,"OPEN"
"8",2253897,22318,30202,"OPEN"
"9",1790805,22318,23555,"OPEN"
"10",8559286,22318,40894,"OPEN"
"11",8519565,22318,34589,"OPEN"
"12",353509,22318,32392,"OPEN"
"13",3773936,22318,49375,"OPEN"
"14",5156732,22318,23336,"OPEN"
"15",4100851,22318,42557,"OPEN"
"16",4308380,22318,46463,"OPEN"
"17",9635796,22318,25196,"OPEN"
"18",4285593,22318,34673,"OPEN"
"19",1586281,22318,23273,"OPEN"
"20",382831,22318,46553,"OPEN"
"21",6763821,22318,45119,"OPEN"
"22",7072478,22318,49631,"OPEN"
"23",2020858,22318,44124,"OPEN"
"24",6944489,22318,31228,"OPEN"
"25",969122,22318,41709,"OPEN"
"26",6116530,22318,48623,"OPEN"
"27",2133369,22318,42058,"OPEN"
"28",8764717,22318,48307,"OPEN"
"29",4328396,22318,36424,"OPEN"
"30",2633954,22318,33663,"OPEN"
"31",4757747,22318,36409,"OPEN"
"32",6799592,22318,36459,"OPEN"
"33",3868115,22318,48505,"OPEN"
"34",1147128,22318,26758,"OPEN"
"35",1902255,22318,42808,"OPEN"
"36",8767328,22318,40033,"OPEN"
"37",3872914,22318,44560,"OPEN"
"38",9588216,22318,44338,"OPEN"
"39",1373256,22318,36504,"OPEN"
"40",1019167,22318,47247,"OPEN"
"41",6475406,22318,43739,"OPEN"
"42",2900058,22318,31979,"OPEN"
"43",4736483,22318,44074,"OPEN"
"44",7482084,22318,26599,"OPEN"
"45",4224149,22318,35602,"OPEN"
"46",9469158,22318,48152,"OPEN"
"47",8190697,22318,39236,"OPEN"
"48",9871608,22318,32321,"OPEN"
"49",7845665,22318,49189,"OPEN"
"50",7914324,22318,39307,"OPEN"
"51",7898175,22318,35435,"OPEN"
"52",5205827,22318,30872,"OPEN"
"53",8021716,22318,48564,"OPEN"
"54",3129932,22318,43080,"OPEN"
"55",4479933,22318,28226,"OPEN"
"56",8220490,22318,22921,"OPEN"
"57",4836968,22318,44242,"OPEN"
"58",7239478,22318,22550,"OPEN"
"59",186744,22318,26472,"OPEN"
"60",815875,22318,24644,"OPEN"
"61",1580399,22318,39809,"OPEN"
"62",9130799,22318,25043,"OPEN"
"63",7479881,22318,31562,"OPEN"
"64",188906,22318,45191,"OPEN"
"65",5684810,22318,23644,"OPEN"
"66",8303977,22318,23196,"OPEN"
"67",7984023,22318,45847,"OPEN"
"68",9815266,22318,25977,"OPEN"
"69",2839159,22318,37692,"OPEN"
"70",2028960,22318,22832,"OPEN"
"71",2800735,22318,27587,"OPEN"
"72",3976326,22318,22772,"OPEN"
"73",6120111,22318,45992,"OPEN"
"74",394222,22318,33568,"OPEN"
"75",6982563,22318,25281,"OPEN"
"76",1868144,22318,34010,"OPEN"
"77",3887738,22318,49055,"OPEN"
"78",1755385,22318,44880,"OPEN"
"79",2242086,22318,36273,"OPEN"
"80",5720360,22318,38261,"OPEN"
"81",2749606,22318,28876,"OPEN"
"82",1098165,22318,32257,"OPEN"
"83",3975130,22318,43005,"OPEN"
"84",8097402,22318,49407,"OPEN"
"85",7268826,22318,22640,"OPEN"
"86",8577847,22318,42100,"OPEN"
"87",4653849,22318,32777,"OPEN"
"88",2107507,22318,30108,"OPEN"
"89",4197153,22318,26572,"OPEN"
"90",4673316,22318,42985,"OPEN"
"91",2692633,29989,37882,"OPEN"
"92",3171403,29989,23141,"OPEN"
"93",9419864,29989,45759,"OPEN"
"94",7459381,29989,38208,"OPEN"
"95",8535482,29989,36252,"OPEN"
"96",2399735,29989,46007,"OPEN"
"97",862667,29989,38977,"OPEN"
"98",2395953,29989,39708,"OPEN"
"99",8980751,29989,38237,"OPEN"
"100",8501013,29989,38243,"OPEN"
"101",4330937,29989,33657,"OPEN"
"102",7332393,29989,47853,"OPEN"
"103",6971271,29989,31842,"OPEN"
"104",9110844,29989,40445,"OPEN"
"105",3809900,29989,33566,"OPEN"
"106",7186214,29989,39845,"OPEN"
"107",9461200,29989,28605,"OPEN"
"108",3444469,29989,37636,"OPEN"
"109",4378395,29989,26564,"OPEN"
"110",8207490,29989,47687,"OPEN"
"111",8178440,29989,22672,"OPEN"
"112",5704254,29989,24345,"OPEN"
"113",5550537,29989,34502,"OPEN"
"114",179531,29989,23299,"OPEN"
"115",7554794,29989,25739,"OPEN"
"116",2363958,29989,40108,"OPEN"
"117",6533400,29989,29659,"OPEN"
"118",6817888,29989,43184,"OPEN"
"119",512962,29989,41147,"OPEN"
"120",3545701,29989,37953,"OPEN"
"121",9717723,29989,35536,"OPEN"
"122",3547879,29989,29871,"OPEN"
"123",4558787,29989,46432,"OPEN"
"124",2842917,29989,43711,"OPEN"
"125",673503,29989,46108,"OPEN"
"126",4709828,29989,38192,"OPEN"
"127",229294,29989,27254,"OPEN"
"128",3654475,29989,47258,"OPEN"
"129",9621038,29989,31949,"OPEN"
"130",4514239,29989,43615,"OPEN"
"131",475718,29989,42595,"OPEN"
"132",3837717,29989,38017,"OPEN"
"133",8230394,29989,33933,"OPEN"
"134",3259293,29989,42071,"OPEN"
"135",4829469,29989,32232,"OPEN"
"136",7723735,29989,32420,"OPEN"
"137",573731,29989,47876,"OPEN"
"138",9060144,29989,23883,"OPEN"
"139",2672692,29989,49232,"OPEN"
"140",2485160,29989,26971,"OPEN"
"141",3367859,29989,48928,"OPEN"
"142",7017067,29989,44758,"OPEN"
"143",9690971,29989,37163,"OPEN"
"144",1835521,29989,33056,"OPEN"
"145",6152200,29989,30502,"OPEN"
"146",3690450,29989,27114,"OPEN"
"147",8077229,29989,45178,"OPEN"
"148",9353339,29989,24753,"OPEN"
"149",5686975,29989,37237,"OPEN"
"150",9290018,29989,35779,"OPEN"
"151",6122685,29989,33504,"OPEN"
"152",3423380,29989,46732,"OPEN"
"153",3941013,29989,32183,"OPEN"
"154",6554963,29989,33425,"OPEN"
"155",1375504,29989,43555,"OPEN"
"156",889191,29989,24826,"OPEN"
"157",527970,29989,36964,"OPEN"
"158",4629820,29989,36841,"OPEN"
"159",7196729,29989,47773,"OPEN"
"160",8164924,29989,29762,"OPEN"
"161",9375725,29989,42006,"OPEN"
"162",2911660,29989,31248,"OPEN"
"163",7176391,29989,29185,"OPEN"
"164",5866514,29989,41876,"OPEN"
"165",2806814,29989,47027,"OPEN"
"166",9929915,29989,28113,"OPEN"
"167",346627,29989,26997,"OPEN"
"168",9698567,29989,41775,"OPEN"
"169",509506,29989,43907,"OPEN"
"170",8474176,29989,30825,"OPEN"
"171",4991358,29989,33750,"OPEN"
"172",1734824,29989,23544,"OPEN"
"173",2445464,29989,23469,"OPEN"
"174",13346,29989,44673,"OPEN"
"175",2544478,29989,23191,"OPEN"
"176",8156513,29989,33856,"OPEN"
"177",4014823,29989,30292,"OPEN"
"178",3593701,29989,41372,"OPEN"
"179",730813,29989,36161,"OPEN"
"180",8674582,29989,37041,"OPEN"
"181",5866253,29989,39654,"OPEN"
"182",8595955,29989,45556,"OPEN"
"183",3942639,29989,40627,"OPEN"
"184",4762916,29989,42393,"OPEN"
"185",8278306,29989,23399,"OPEN"
"186",4503810,29989,24160,"OPEN"
"187",9797227,29989,41856,"OPEN"
"188",7780862,29989,32590,"OPEN"
"189",2071312,29989,47751,"OPEN"
"190",7690104,29989,34066,"OPEN"
"191",4906881,29989,29633,"OPEN"
"192",8831706,29989,22861,"OPEN"
"193",9421308,29989,46274,"OPEN"
"194",8958143,29989,25304,"OPEN"
"195",7807552,29989,44581,"OPEN"
"196",3671227,29989,34841,"OPEN"
"197",2061003,29989,44245,"OPEN"
"198",3470382,29989,45036,"OPEN"
"199",1546232,29989,28536,"OPEN"
"200",6689755,43176,26522,"OPEN"
"201",8039449,43176,25625,"OPEN"
"202",5888972,43176,39489,"OPEN"
"203",6944807,43176,25474,"OPEN"
"204",6462336,43176,49133,"OPEN"
"205",294973,43176,35342,"OPEN"
"206",6848144,43176,49380,"OPEN"
"207",9009934,43176,25057,"OPEN"
"208",5449001,43176,30201,"OPEN"
"209",9610950,43176,31429,"OPEN"
"210",9404375,43176,28359,"OPEN"
"211",2693615,43176,46276,"OPEN"
"212",5566585,43176,30470,"OPEN"
"213",9520680,43176,44611,"OPEN"
"214",2190745,43176,42010,"OPEN"
"215",132377,43176,33754,"OPEN"
"216",9220582,43176,39266,"OPEN"
"217",1952077,43176,45470,"OPEN"
"218",9601223,43176,49528,"OPEN"
"219",215884,43176,29254,"OPEN"
"220",5940740,43176,49811,"OPEN"
"221",3382141,43176,40771,"OPEN"
"222",1308942,43176,27383,"OPEN"
"223",8015244,43176,48175,"OPEN"
"224",5763335,43176,41313,"OPEN"
"225",3314433,43176,23661,"OPEN"
"226",3943647,43176,38112,"OPEN"
"227",8792760,43176,27184,"OPEN"
"228",9258326,43176,28843,"OPEN"
"229",5272438,43176,24295,"OPEN"
"230",1121958,43176,42640,"OPEN"
"231",674014,43176,37774,"OPEN"
"232",718337,43176,46810,"OPEN"
"233",7658464,43176,34630,"OPEN"
"234",8191326,43176,23404,"OPEN"
"235",3638021,43176,26943,"OPEN"
"236",5223551,43176,36324,"OPEN"
"237",1148587,43176,44189,"OPEN"
"238",4428553,43176,28010,"OPEN"
"239",9012644,43176,33919,"OPEN"
"240",4984567,43176,33826,"OPEN"
"241",6431658,43176,34255,"OPEN"
"242",9748450,43176,25584,"OPEN"
"243",7352914,43176,26037,"OPEN"
"244",7430020,43176,40715,"OPEN"
"245",9674671,43176,27030,"OPEN"
"246",9839502,43176,36054,"OPEN"
"247",2577231,43176,25564,"OPEN"
"248",2307799,43176,48721,"OPEN"
"249",1545624,43176,47106,"OPEN"
"250",4459581,43176,23034,"OPEN"
"251",1538223,43176,25591,"OPEN"
"252",4410922,43176,45524,"OPEN"
"253",4197276,43176,28288,"OPEN"
"254",3527832,43176,38605,"OPEN"
"255",4579142,43176,33461,"OPEN"
"256",1876729,43176,26811,"OPEN"
"257",2714050,43176,40851,"OPEN"
"258",1512901,43176,31462,"OPEN"
"259",4123114,43176,39652,"OPEN"
"260",7406132,43176,48221,"OPEN"
"261",808722,43176,27073,"OPEN"
"262",5352045,43176,25277,"OPEN"
"263",8330830,43176,23007,"OPEN"
"264",6591671,43176,32142,"OPEN"
"265",5029195,43176,25211,"OPEN"
"266",913288,43176,31708,"OPEN"
"267",1296028,43176,46998,"OPEN"
"268",4486818,43176,26840,"OPEN"
"269",8243867,43176,37230,"OPEN"
"270",1204346,43176,37546,"OPEN"
"271",8285325,43176,44430,"OPEN"
"272",1289621,43176,30070,"OPEN"
"273",1347865,43176,31599,"OPEN"
"274",7658496,43176,41057,"OPEN"
"275",5953631,43176,31226,"OPEN"
"276",9796315,43176,35864,"OPEN"
"277",21888,43176,44925,"OPEN"
"278",6856865,43176,26286,"OPEN"
"279",1132018,43176,27031,"OPEN"
"280",6090974,43176,32776,"OPEN"
"281",5944123,43176,42459,"OPEN"
"282",5807339,43176,42925,"OPEN"
"283",8508103,43176,35534,"OPEN"
"284",9225421,43176,26573,"OPEN"
"285",3318666,43176,41419,"OPEN"
"286",3603894,43176,34469,"OPEN"
"287",494977,43176,33000,"OPEN"
"288",9777538,43176,39010,"OPEN"
"289",332622,43176,47431,"OPEN"
"290",9819535,43176,38311,"OPEN"
"291",5483327,43176,37858,"OPEN"
"292",4539600,43176,48949,"OPEN"
"293",9696776,43176,43868,"OPEN"
"294",4891251,43176,48961,"OPEN"
"295",9025944,43176,37441,"OPEN"
"296",3571139,43176,47183,"OPEN"
"297",572757,43176,28618,"OPEN"
"298",4878926,43176,46487,"OPEN"
"299",5168957,43176,36344,"OPEN"
"300",4014307,43176,47833,"OPEN"
"301",769270,43176,47173,"OPEN"
"302",2342821,43176,31791,"OPEN"
"303",2993099,43176,48780,"OPEN"
"304",6478005,43176,46097,"OPEN"
"305",8627109,43176,25997,"OPEN"
"306",9693491,43176,48415,"OPEN"
"307",6470131,43176,22682,"OPEN"
"308",6868425,43176,41254,"OPEN"
"309",6638049,43176,40004,"OPEN"
"310",7499674,43176,31099,"OPEN"
"311",7804800,43176,44431,"OPEN"
"312",2178077,43176,40154,"OPEN"
"313",1583251,45192,47272,"OPEN"
"314",1810125,45192,26058,"OPEN"
"315",2810185,45192,45011,"OPEN"
"316",377977,45192,35350,"OPEN"
"317",6855796,45192,32425,"OPEN"
"318",2476531,45192,40507,"OPEN"
"319",7441860,45192,49851,"OPEN"
"320",8344034,45192,40230,"OPEN"
"321",3389355,45192,33354,"OPEN"
"322",5011987,45192,33437,"OPEN"
"323",5335036,45192,45975,"OPEN"
"324",2534023,45192,35256,"OPEN"
"325",8327001,45192,26109,"OPEN"
"326",5469835,45192,39373,"OPEN"
"327",5351478,45192,31441,"OPEN"
"328",6261595,45192,44624,"OPEN"
"329",9359112,45192,45966,"OPEN"
"330",7246709,45192,34973,"OPEN"
"331",9971374,45192,41942,"OPEN"
"332",6869827,45192,44041,"OPEN"
"333",1854612,45192,49389,"OPEN"
"334",6378413,45192,35602,"OPEN"
"335",5737146,45192,33716,"OPEN"
"336",8247544,45192,23340,"OPEN"
"337",8609171,45192,41309,"OPEN"
"338",2541182,45192,49488,"OPEN"
"339",7727629,45192,35803,"OPEN"
"340",6850305,45192,32087,"OPEN"
"341",4524678,45192,26338,"OPEN"
"342",4911421,45192,31157,"OPEN"
"343",8622344,45192,26354,"OPEN"
"344",5063520,45192,49332,"OPEN"
"345",2131039,45192,49182,"OPEN"
"346",7672866,45192,40764,"OPEN"
"347",1834996,45192,34192,"OPEN"
"348",9967999,45192,32667,"OPEN"
"349",6407702,45192,36799,"OPEN"
"350",5070584,45192,41565,"OPEN"
"351",7657138,45192,41391,"OPEN"
"352",8962329,45192,40913,"OPEN"
"353",4062583,45192,39371,"OPEN"
"354",8149810,45192,37454,"OPEN"
"355",5936427,45192,35130,"OPEN"
"356",5170670,45192,46733,"OPEN"
"357",8948775,45192,37887,"OPEN"
"358",9186475,45192,33955,"OPEN"
"359",2536353,45192,35638,"OPEN"
"360",1239400,45192,44591,"OPEN"
"361",8419589,45192,29470,"OPEN"
"362",5429345,45192,34339,"OPEN"
"363",7326340,45192,42761,"OPEN"
"364",5275091,45192,45058,"OPEN"
"365",8579810,45192,37486,"OPEN"
"366",4358091,45192,44057,"OPEN"
"367",2054005,45192,42822,"OPEN"
"368",5306838,45192,27300,"OPEN"
"369",6582101,45192,45956,"OPEN"
"370",1700630,45192,41215,"OPEN"
"371",3622166,45192,43723,"OPEN"
"372",982367,45192,47206,"OPEN"
"373",1949259,52493,44561,"OPEN"
"374",8457048,52493,42249,"OPEN"
"375",8712516,52493,22403,"OPEN"
"376",9211933,52493,25170,"OPEN"
"377",2555400,52493,26791,"OPEN"
"378",9875957,52493,38131,"OPEN"
"379",4388487,52493,47771,"OPEN"
"380",6086438,52493,32561,"OPEN"
"381",4832373,52493,29163,"OPEN"
"382",5964427,52493,29481,"OPEN"
"383",2348683,52493,23692,"OPEN"
"384",9506340,52493,37377,"OPEN"
"385",4653890,52493,39368,"OPEN"
"386",4239312,52493,28847,"OPEN"
"387",2395554,52493,22739,"OPEN"
"388",1596544,52493,36441,"OPEN"
"389",613418,52493,34170,"OPEN"
"390",4565221,52493,42411,"OPEN"
"391",8242025,52493,32290,"OPEN"
"392",3701624,52493,38705,"OPEN"
"393",3385251,52493,38351,"OPEN"
"394",1160129,52493,35498,"OPEN"
"395",5236939,52493,25869,"OPEN"
"396",8554273,52493,38548,"OPEN"
"397",6363916,52493,28564,"OPEN"
"398",5963231,52493,27706,"OPEN"
"399",9346747,52493,47569,"OPEN"
"400",8056731,52493,27865,"OPEN"
"401",475394,52493,36609,"OPEN"
"402",8195113,52493,43390,"OPEN"
"403",2671671,52493,44722,"OPEN"
"404",8537511,52493,44537,"OPEN"
"405",4112233,52493,28204,"OPEN"
"406",4916440,52493,28241,"OPEN"
"407",9838176,52493,35291,"OPEN"
"408",9666528,52493,39384,"OPEN"
"409",1106859,52493,29576,"OPEN"
"410",5384611,52493,35350,"OPEN"
"411",9665654,52493,48220,"OPEN"
"412",2322314,52493,41087,"OPEN"
"413",8897720,52493,36809,"OPEN"
"414",3357808,52493,30948,"OPEN"
"415",5515844,52493,32450,"OPEN"
"416",4900429,52493,29043,"OPEN"
"417",7669592,52493,32396,"OPEN"
"418",6402853,52493,34208,"OPEN"
"419",8755745,52493,48063,"OPEN"
"420",3061835,52493,41035,"OPEN"
"421",7384023,52493,25790,"OPEN"
"422",5065774,52493,33366,"OPEN"
"423",3639205,52493,47375,"OPEN"
"424",9282776,52493,42928,"OPEN"
"425",3148775,52493,48665,"OPEN"
"426",6166431,52493,49132,"OPEN"
"427",6790381,52493,44590,"OPEN"
"428",8569517,52493,26972,"OPEN"
"429",7696366,52493,46377,"OPEN"
"430",2497273,52493,42503,"OPEN"
"431",4547916,52493,27803,"OPEN"
"432",6185187,52493,41320,"OPEN"
"433",3284206,52493,45447,"OPEN"
"434",7383777,52493,25207,"OPEN"
"435",700392,52493,23641,"OPEN"
"436",5714598,52493,24580,"OPEN"
"437",1849889,52493,42678,"OPEN"
"438",1153529,52493,47342,"OPEN"
"439",313724,52493,46880,"OPEN"
"440",4884083,52493,44396,"OPEN"
"441",9662755,52493,22767,"OPEN"
"442",2337445,52493,29475,"OPEN"
"443",8022899,52493,32812,"OPEN"
"444",7754963,52493,35580,"OPEN"
"445",3264194,52493,25039,"OPEN"
"446",6876653,52493,28458,"OPEN"
"447",9917861,52493,32720,"OPEN"
"448",6195650,52493,26002,"OPEN"
"449",9831749,52493,39376,"OPEN"
"450",4283161,52493,38476,"OPEN"
"451",630606,52493,24079,"OPEN"
"452",1042958,52493,24209,"OPEN"
"453",4831575,52493,30824,"OPEN"
"454",6970634,52493,27151,"OPEN"
"455",3910927,52493,33289,"OPEN"
"456",7760979,52493,49275,"OPEN"
"457",2106722,52493,49753,"OPEN"
"458",8425330,52493,33062,"OPEN"
"459",2149311,52493,29163,"OPEN"
"460",6164707,52493,30907,"OPEN"
"461",1385911,52493,42557,"OPEN"
"462",2257331,52493,29958,"OPEN"
"463",450668,52493,34565,"OPEN"
"464",332659,52493,33498,"OPEN"
"465",977484,52493,40744,"OPEN"
"466",1082158,52493,39907,"OPEN"
"467",6675817,52493,36909,"OPEN"
"468",310187,52493,38162,"OPEN"
"469",594775,52493,25222,"OPEN"
"470",904279,52493,23848,"OPEN"
"471",837751,52493,36914,"OPEN"
"472",7582697,52493,38229,"OPEN"
"473",5605291,52493,37555,"OPEN"
"474",6565740,52493,47795,"OPEN"
"475",6121446,52493,23268,"OPEN"
"476",918244,52493,41416,"OPEN"
"477",3931930,52493,24416,"OPEN"
"478",5125832,52493,31605,"OPEN"
"479",2745439,52493,41304,"OPEN"
"480",3015767,52493,36754,"OPEN"
"481",2113428,52493,44793,"OPEN"
"482",3529819,52493,35128,"OPEN"
"483",1133067,52493,48741,"OPEN"
"484",1571685,52493,24193,"OPEN"
"485",4410590,40634,96356,"OPEN"
"486",2746808,40634,86118,"OPEN"
"487",4731527,40634,91123,"OPEN"
"488",8077401,40634,72635,"OPEN"
"489",5823274,40634,60985,"OPEN"
"490",2704759,40634,65147,"OPEN"
"491",1080571,40634,74662,"OPEN"
"492",3205170,40634,61078,"OPEN"
"493",3562360,40634,64812,"OPEN"
"494",3989489,40634,84800,"OPEN"
"495",8447032,40634,78891,"OPEN"
"496",9533865,40634,51857,"OPEN"
"497",460479,40634,65190,"OPEN"
"498",4459755,40634,68778,"OPEN"
"499",2170822,40634,85677,"OPEN"
"500",6511571,40634,92477,"OPEN"
"501",5759743,40634,86541,"OPEN"
"502",8629251,40634,81559,"OPEN"
"503",3803925,40634,71506,"OPEN"
"504",622487,40634,60473,"OPEN"
"505",6563965,40634,60530,"OPEN"
"506",9537995,40634,89483,"OPEN"
"507",8752287,40634,76915,"OPEN"
"508",5495977,40634,84849,"OPEN"
"509",5628478,40634,74857,"OPEN"
"510",8319480,40634,80938,"OPEN"
"511",7454445,40634,82735,"OPEN"
"512",8135835,40634,92040,"OPEN"
"513",7217428,40634,62977,"OPEN"
"514",7371743,40634,97767,"OPEN"
"515",1734722,40634,50588,"OPEN"
"516",8299981,40634,85112,"OPEN"
"517",4101459,40634,99513,"OPEN"
"518",8448879,40634,68358,"OPEN"
"519",9064875,40634,73496,"OPEN"
"520",7527877,40634,62481,"OPEN"
"521",3022876,40634,76428,"OPEN"
"522",6943851,40634,78277,"OPEN"
"523",2283918,40634,53746,"OPEN"
"524",421107,40634,60854,"OPEN"
"525",4432706,40634,64548,"OPEN"
"526",5194830,40634,93528,"OPEN"
"527",3784950,40634,72307,"OPEN"
"528",5231957,40634,95864,"OPEN"
"529",1692335,40634,52941,"OPEN"
"530",3496773,40634,58691,"OPEN"
"531",9476684,40634,60542,"OPEN"
"532",3323404,40634,78297,"OPEN"
"533",9206046,40634,98929,"OPEN"
"534",2853002,40634,76736,"OPEN"
"535",2491006,40634,57651,"OPEN"
"536",722404,40634,60908,"OPEN"
"537",8696479,40634,54140,"OPEN"
"538",3747054,40634,91613,"OPEN"
"539",7444863,40634,67687,"OPEN"
"540",29104,40634,81784,"OPEN"
"541",4741072,40634,55878,"OPEN"
"542",7169305,40634,92427,"OPEN"
"543",9089223,40634,80647,"OPEN"
"544",8027694,40634,84291,"OPEN"
"545",8913823,40634,53878,"OPEN"
"546",8532160,40634,93163,"OPEN"
"547",4451401,40634,64075,"OPEN"
"548",9944336,40634,93857,"OPEN"
"549",1824134,40634,82771,"OPEN"
"550",9334421,40634,98881,"OPEN"
"551",2497485,40634,52885,"OPEN"
"552",2362494,40634,64576,"OPEN"
"553",1533214,40634,93760,"OPEN"
"554",8149102,40634,51544,"OPEN"
"555",1489703,40634,71380,"OPEN"
"556",3620780,40634,81391,"OPEN"
"557",4813604,40634,58135,"OPEN"
"558",4586721,40634,77618,"OPEN"
"559",7302520,40634,86033,"OPEN"
"560",3257880,40634,51168,"OPEN"
"561",3078731,40634,61173,"OPEN"
"562",9314849,40634,68439,"OPEN"
"563",2514711,40634,95673,"OPEN"
"564",882049,40634,92199,"OPEN"
"565",6817219,40634,60176,"OPEN"
"566",3723650,40634,52758,"OPEN"
"567",1204977,40634,89080,"OPEN"
"568",192110,40634,75981,"OPEN"
"569",7348262,40634,97730,"OPEN"
"570",6350085,40634,67864,"OPEN"
"571",5592883,40634,76624,"OPEN"
"572",3557797,40634,61987,"OPEN"
"573",4902836,40634,94957,"OPEN"
"574",8745468,40634,61050,"OPEN"
"575",5066673,40634,67478,"OPEN"
"576",1734636,40634,93841,"OPEN"
"577",9697255,40634,89668,"OPEN"
"578",7772386,40634,75726,"OPEN"
"579",2628109,40634,73404,"OPEN"
"580",4082968,40634,61908,"OPEN"
"581",332066,40634,73278,"OPEN"
"582",9514960,40634,61928,"OPEN"
"583",8609702,40634,97681,"OPEN"
"584",8910892,40634,81099,"OPEN"
"585",3804234,40634,57095,"OPEN"
"586",1385278,40634,86679,"OPEN"
"587",4172130,40634,80091,"OPEN"
"588",7807483,40634,74421,"OPEN"
"589",6768574,40634,83080,"OPEN"
"590",7079644,40634,68726,"OPEN"
"591",2038207,40634,83694,"OPEN"
"592",9101340,40634,85214,"OPEN"
"593",1003182,40634,86892,"OPEN"
"594",1176277,40634,76827,"OPEN"
"595",4487639,40634,82509,"OPEN"
"596",2251973,40634,82380,"OPEN"
"597",8443734,40634,59697,"OPEN"
"598",3805121,40634,73107,"OPEN"
"599",9371935,40634,88799,"OPEN"
"600",2652013,40634,79741,"OPEN"
"601",5946100,40634,95494,"OPEN"
"602",6025078,40634,69451,"OPEN"
"603",7989576,40634,88161,"OPEN"
"604",1399719,40634,58512,"OPEN"
"605",4198643,40634,57456,"OPEN"
"606",4197660,40634,52340,"OPEN"
"607",5009271,40634,55350,"OPEN"
"608",552877,40634,54532,"OPEN"
"609",206434,40634,82897,"OPEN"
"610",3579779,40634,82593,"OPEN"
"611",1031129,40634,81854,"OPEN"
"612",7751572,40634,90193,"OPEN"
"613",5559282,40634,98457,"OPEN"
"614",5369853,40634,69177,"OPEN"
"615",7301245,40634,82571,"OPEN"
"616",7955577,40634,59387,"OPEN"
"617",7333756,40634,83528,"OPEN"
"618",5823434,40634,50227,"OPEN"
"619",3901268,40634,57207,"OPEN"
"620",9493228,40634,66640,"OPEN"
"621",8883929,40634,82547,"OPEN"
"622",1890386,40634,87635,"OPEN"
"623",111386,40634,76638,"OPEN"
"624",1642880,40634,91653,"OPEN"
"625",2088299,40634,74729,"OPEN"
"626",3390246,40634,95970,"OPEN"
"627",5502285,40634,97400,"OPEN"
"628",2601582,40634,97839,"OPEN"
"629",2893006,40634,67684,"OPEN"
"630",9109533,40634,98423,"OPEN"
"631",1424251,40634,82018,"OPEN"
"632",9163764,40634,59868,"OPEN"
"633",7342531,40634,96700,"OPEN"
"634",351939,40634,85020,"OPEN"
"635",2378611,40634,75210,"OPEN"
"636",1090856,40634,86335,"OPEN"
"637",8641207,40634,93533,"OPEN"
"638",518077,40634,84690,"OPEN"
"639",1463580,40634,75203,"OPEN"
"640",9786809,40634,81854,"OPEN"
"641",5917146,40634,93739,"OPEN"
"642",6689512,40634,80360,"OPEN"
"643",596150,40634,97601,"OPEN"
"644",9578550,40634,83833,"OPEN"
"645",399802,40634,61349,"OPEN"
"646",9192321,40634,74364,"OPEN"
"647",8273626,40634,81531,"OPEN"
"648",319860,40634,88373,"OPEN"
"649",2278742,40634,84153,"OPEN"
"650",9596909,40634,99370,"OPEN"
"651",3105125,40634,94393,"OPEN"
"652",9162303,40634,58470,"OPEN"
"653",502727,40634,53855,"OPEN"
"654",3483641,40634,85093,"OPEN"
"655",7088689,40634,60575,"OPEN"
"656",7822797,40634,87781,"OPEN"
"657",1390435,40634,86346,"OPEN"
"658",5723055,40634,68650,"OPEN"
"659",213659,40634,63040,"OPEN"
"660",3424629,40634,84672,"OPEN"
"661",6712208,40634,73450,"OPEN"
"662",8818687,40634,96125,"OPEN"
"663",6773796,40634,72829,"OPEN"
"664",6760220,40634,84424,"OPEN"
"665",279192,40634,84451,"OPEN"
"666",869581,40634,79282,"OPEN"
"667",7898480,40634,92076,"OPEN"
"668",9568189,40634,60480,"OPEN"
"669",1137529,40634,70316,"OPEN"
"670",536634,40634,67608,"OPEN"
"671",3568569,40634,84778,"OPEN"
"672",9569369,40634,81838,"OPEN"
"673",2515076,40634,90735,"OPEN"
"674",63072,40634,69290,"OPEN"
"675",3634421,40634,51088,"OPEN"
"676",8580620,40634,57775,"OPEN"
"677",5216815,40634,86330,"OPEN"
"678",5856768,40634,97539,"OPEN"
"679",5383199,40634,84211,"OPEN"
"680",8266388,40634,51375,"OPEN"
"681",4507700,68621,67079,"OPEN"
"682",9608045,68621,59004,"OPEN"
"683",2025587,68621,90877,"OPEN"
"684",9232206,68621,59167,"OPEN"
"685",5306658,68621,56541,"OPEN"
"686",5906936,68621,54522,"OPEN"
"687",8778654,68621,65914,"OPEN"
"688",702086,68621,89569,"OPEN"
"689",2822218,68621,63886,"OPEN"
"690",5613512,68621,70057,"OPEN"
"691",6275960,68621,91059,"OPEN"
"692",9526592,68621,65514,"OPEN"
"693",723308,68621,53777,"OPEN"
"694",7933014,68621,79692,"OPEN"
"695",329803,68621,79436,"OPEN"
"696",3954189,68621,79863,"OPEN"
"697",1142934,68621,68147,"OPEN"
"698",1359355,68621,62546,"OPEN"
"699",7864777,68621,51653,"OPEN"
"700",1863465,68621,69405,"OPEN"
"701",901174,68621,57577,"OPEN"
"702",2792536,68621,55913,"OPEN"
"703",9437139,68621,59439,"OPEN"
"704",7449497,68621,92891,"OPEN"
"705",650845,68621,80531,"OPEN"
"706",3232604,68621,66389,"OPEN"
"707",3326465,68621,67091,"OPEN"
"708",6051008,68621,75533,"OPEN"
"709",3980255,68621,57881,"OPEN"
"710",1655811,68621,73217,"OPEN"
"711",1481306,68621,91923,"OPEN"
"712",5816013,68621,82603,"OPEN"
"713",5990119,68621,92886,"OPEN"
"714",1958729,68621,86606,"OPEN"
"715",2789585,68621,82203,"OPEN"
"716",3565435,68621,88187,"OPEN"
"717",2878141,68621,85019,"OPEN"
"718",4570051,68621,84909,"OPEN"
"719",5209001,68621,55588,"OPEN"
"720",9373174,68621,53659,"OPEN"
"721",7166254,68621,57497,"OPEN"
"722",4367991,68621,54517,"OPEN"
"723",5369807,68621,79084,"OPEN"
"724",5681383,68621,86098,"OPEN"
"725",4149631,68621,93829,"OPEN"
"726",7793748,68621,95331,"OPEN"
"727",1229859,68621,97307,"OPEN"
"728",5845627,68621,75480,"OPEN"
"729",1259622,68621,72177,"OPEN"
"730",2139130,68621,99453,"OPEN"
"731",4410641,68621,58847,"OPEN"
"732",1199060,68621,70056,"OPEN"
"733",4978739,68621,63023,"OPEN"
"734",304391,68621,97761,"OPEN"
"735",8063280,68621,60441,"OPEN"
"736",6454743,68621,98809,"OPEN"
"737",9798966,68621,71472,"OPEN"
"738",9139443,68621,80389,"OPEN"
"739",1518055,68621,67360,"OPEN"
"740",9887774,68621,68186,"OPEN"
"741",4130007,68621,61602,"OPEN"
"742",3438271,68621,66727,"OPEN"
"743",7791123,68621,79521,"OPEN"
"744",7449497,68621,93450,"OPEN"
"745",3515187,68621,74667,"OPEN"
"746",9489880,68621,61599,"OPEN"
"747",1318398,68621,65185,"OPEN"
"748",4418222,68621,60864,"OPEN"
"749",1813940,68621,60907,"OPEN"
"750",2677138,68621,72442,"OPEN"
"751",6609712,68621,91495,"OPEN"
"752",9792921,68621,99504,"OPEN"
"753",1961459,68621,57035,"OPEN"
"754",7890395,68621,68805,"OPEN"
"755",7211448,68621,98301,"OPEN"
"756",6827655,68621,89753,"OPEN"
"757",6935184,68621,91420,"OPEN"
"758",1264515,68621,54788,"OPEN"
"759",9289404,68621,85586,"OPEN"
"760",675915,68621,86920,"OPEN"
"761",6027483,68621,55590,"OPEN"
"762",9505717,68621,61184,"OPEN"
"763",9568727,68621,82377,"OPEN"
"764",9583970,68621,75006,"OPEN"
"765",6051873,68621,75129,"OPEN"
"766",5768126,68621,91369,"OPEN"
"767",9343991,68621,81647,"OPEN"
"768",7707977,68621,59472,"OPEN"
"769",6307400,68621,68388,"OPEN"
"770",6359834,68621,91518,"OPEN"
"771",7164635,68621,66604,"OPEN"
"772",1897741,68621,51109,"OPEN"
"773",3237062,68621,95634,"OPEN"
"774",1516121,68621,70826,"OPEN"
"775",5283005,68621,93906,"OPEN"
"776",2360860,68621,74438,"OPEN"
"777",5243705,68621,95115,"OPEN"
"778",9555975,68621,92755,"OPEN"
"779",1373346,68621,60815,"OPEN"
"780",3177539,68621,56884,"OPEN"
"781",807752,68621,54843,"OPEN"
"782",2904878,68621,97902,"OPEN"
"783",1605722,68621,82755,"OPEN"
"784",7631878,68621,98866,"OPEN"
"785",2585397,68621,97434,"OPEN"
"786",1032176,68621,55368,"OPEN"
"787",2792038,68621,69357,"OPEN"
"788",8353966,68621,91963,"OPEN"
"789",2859013,68621,73738,"OPEN"
"790",8018466,68621,84172,"OPEN"
"791",7045707,68621,89904,"OPEN"
"792",4211216,68621,85245,"OPEN"
"793",3894742,68621,86339,"OPEN"
"794",8815967,68621,91571,"OPEN"
"795",3519569,68621,90205,"OPEN"
"796",6471877,68621,63393,"OPEN"
"797",1001106,68621,70000,"OPEN"
"798",3135912,68621,54662,"OPEN"
"799",4370913,68621,56694,"OPEN"
"800",9964139,68621,85110,"OPEN"
"801",1656555,68621,54927,"OPEN"
"802",4197464,68621,66563,"OPEN"
"803",4800867,68621,76651,"OPEN"
"804",7342765,68621,59724,"OPEN"
"805",4223582,68621,92993,"OPEN"
"806",9013773,68621,94484,"OPEN"
"807",8470547,68621,62298,"OPEN"
"808",6614372,68621,98044,"OPEN"
"809",6743770,68621,76402,"OPEN"
"810",7639893,68621,65592,"OPEN"
"811",9337810,68621,81376,"OPEN"
"812",9569232,68621,94899,"OPEN"
"813",9475496,68621,72402,"OPEN"
"814",3244575,68621,76462,"OPEN"
"815",5241760,68621,82362,"OPEN"
"816",8147292,68621,69469,"OPEN"
"817",2213282,68621,86097,"OPEN"
"818",3046484,68621,60225,"OPEN"
"819",7243921,68621,65698,"OPEN"
"820",3761395,68621,80175,"OPEN"
"821",802317,68621,73991,"OPEN"
"822",5461033,68621,59627,"OPEN"
"823",6836250,68621,62443,"OPEN"
"824",6733531,68621,74961,"OPEN"
"825",2036324,68621,94273,"OPEN"
"826",188377,68621,87102,"OPEN"
"827",8569419,68621,78876,"OPEN"
"828",1001467,68621,75318,"OPEN"
"829",2531105,68621,63562,"OPEN"
"830",6289251,68621,92424,"OPEN"
"831",8963868,68621,92006,"OPEN"
"832",5682878,68621,57421,"OPEN"
"833",6837493,68621,99635,"OPEN"
"834",6027665,68621,69326,"OPEN"
"835",3400328,68621,84643,"OPEN"
"836",4862582,68621,69032,"OPEN"
"837",5294019,68621,77123,"OPEN"
"838",6653919,68621,81274,"OPEN"
"839",3471112,68621,56927,"OPEN"
"840",1430634,68621,93354,"OPEN"
"841",7013236,68621,57775,"OPEN"
"842",7288836,68621,63363,"OPEN"
"843",2131664,68621,76317,"OPEN"
"844",4749437,68621,74230,"OPEN"
"845",1657762,68621,78215,"OPEN"
"846",5090677,68621,99606,"OPEN"
"847",8640285,68621,92871,"OPEN"
"848",8693237,68621,81328,"OPEN"
"849",3807444,68621,74169,"OPEN"
"850",2035164,68621,87684,"OPEN"
"851",976000,68621,88555,"OPEN"
"852",4279936,68621,65640,"OPEN"
"853",3545999,68621,89976,"OPEN"
"854",8793676,68621,65339,"OPEN"
"855",3122670,68621,74554,"OPEN"
"856",5605363,68621,63561,"OPEN"
"857",7539959,68621,65385,"OPEN"
"858",2770201,68621,60451,"OPEN"
